{"train": [13.373164138015436, 11.523401636655638, 8.031263177573276, 6.169836932461278, 5.762252114743602], "val": [16.57601840496063, 12.273732566833496, 6.779477536678314, 5.969399452209473, 5.70279369354248]}