{"train": [6.378070257147964, 6.41825438324286, 5.098883730051469, 4.927876435493936, 4.791640663146973], "val": [8.587870526313782, 5.288884055614472, 5.092455351352692, 4.991099464893341, 4.886753165721894]}