{"train": [8.763814040592738, 7.602197555619843, 6.311677086110017, 5.7674104865716425, 5.582850179866869], "val": [8.502727603912353, 7.066299843788147, 5.907476568222046, 5.647505044937134, 5.503238415718078]}