{"train": [5.737018701981525, 5.590102398152254, 5.553067769809645, 5.507083213572599, 5.454386824004504], "val": [5.572143685817719, 5.556186711788177, 5.492417597770691, 5.453180730342865, 5.408999919891357]}