{"train": [5.22229783778288, 4.976522688962976, 4.898554003968531, 4.815593828473772, 4.70276315455534], "val": [5.043076920509338, 4.993393039703369, 4.924982118606567, 4.889269387722015, 4.809022843837738]}