{"train": [5.258683931568394, 5.089926500683245, 5.019284464742826, 4.917374071867569, 4.790323646172233], "val": [5.313556730747223, 5.8488321185112, 5.107252776622772, 5.011138021945953, 4.861307454109192]}