{"train": [6.412822911272878, 5.969438646150672, 5.7620784640312195, 5.629949410324511, 5.523263768009517], "val": [6.365947473049164, 6.0143405318260195, 5.763330662250519, 5.594413638114929, 5.472075927257538]}