{"train": [5.434329554499412, 5.316001504132537, 5.214658608728525, 5.1001551894103585, 4.946982817098397], "val": [5.735593247413635, 5.330075311660766, 5.203106892108917, 5.1736254572868345, 5.003115880489349]}