{"train": [12.615925432711231, 9.390273929128842, 7.276653571355911, 6.119516549791609, 5.520982827945631], "val": [12.07945203781128, 8.16553727388382, 7.684742021560669, 5.93937600851059, 5.446745145320892]}