{"train": [6.2264586993626185, 5.70986220950172, 5.4759379912395865, 5.292344847828352, 5.099827728141733], "val": [6.9960316777229306, 5.7586747169494625, 5.7402766108512875, 5.2630165100097654, 5.050182139873504]}