{"train": [5.967523513845846, 5.811048061344899, 5.700519816080729, 5.611278510580258, 5.521242220223355], "val": [5.949346172809601, 5.759879446029663, 5.65406858921051, 5.565365171432495, 5.477165031433105]}