{"train": [5.7825489160807235, 5.672472079163012, 5.605518090984096, 5.542952098276304, 5.477538093276646], "val": [5.929348838329315, 5.65452926158905, 5.603341364860535, 5.529086697101593, 5.4309343814849855]}