{"train": [15.535304988160425, 12.877229780080366, 8.004622138276392, 6.309109308281723, 5.7544240873687125], "val": [15.637426161766053, 12.622278070449829, 6.729986226558685, 6.088183724880219, 5.665435528755188]}