{"train": [9.88858799442001, 9.14725850716881, 7.314414896394895, 6.014417429333148, 5.666418542032656], "val": [12.718268704414367, 9.325910878181457, 6.573771512508392, 5.760599517822266, 5.585001730918885]}