{"train": [6.163616853830765, 5.816747447422572, 5.681762535718023, 5.577490020284848, 5.493468306015949], "val": [5.920889914035797, 5.769978892803192, 5.606992757320404, 5.52733062505722, 5.431283354759216]}