{"train": [14.224758245374845, 10.988158267477285, 7.474386296842409, 6.216120797654857, 5.663596065148063], "val": [13.952189803123474, 9.9695298910141, 7.394321608543396, 6.267299056053162, 5.605815482139588]}