{"train": [7.075019774793768, 6.441095444296493, 6.000377320270149, 5.750310280858254, 5.585679980037975], "val": [7.461844694614411, 6.422901523113251, 5.938017010688782, 5.727871835231781, 5.538347935676574]}