{"train": [6.438015413025151, 5.479094878486965, 5.1471757953581605, 5.018630943868471, 4.878855205100516], "val": [6.642100286483765, 5.489654242992401, 5.261124956607818, 5.125747287273407, 4.964165067672729]}